id,rfx_line_item_id,vendor_id,is_quoted,raw_price_string,raw_numeric_value,raw_unit,raw_currency,canonical_unit,unit_conversion_factor,normalized_base_price_inr,freight_surcharge_pct,amortized_tooling_inr,payment_term_penalty_inr,true_landed_unit_cost,signal_confidence,spec_confidence,sanity_confidence,composite_certainty,financial_exposure,review_status,source_page_number,source_bounding_box,source_snippet_text,human_override_reason,reviewed_at
QUOTE-VEND-01-PKG-001,PKG-001,VEND-01,1,₹45.00 / box,45.0000,per box,INR,per_box,1.000000,45.000000,0.0000,0.017147,0.000000,45.017147,1.000,1.000,1.000,1.000,HIGH,AUTO_VERIFIED,1,,"Tab ""Line Item Rates"", Cell C2: ₹45.00",,
QUOTE-VEND-02-PKG-001,PKG-001,VEND-02,1,"₹4,250 / 100 pcs",4250.0000,per 100 pcs,INR,per_box,0.010000,42.500000,0.0000,0.000000,0.000000,42.500000,0.800,0.850,1.000,0.885,HIGH,MANDATORY_BUYER_REVIEW,1,"{""page"":1,""x"":142,""y"":380,""w"":280,""h"":50}","Item 1: 600x400x400 5-ply ... Rs. 4,250 per 100 pcs",,
QUOTE-VEND-03-PKG-001,PKG-001,VEND-03,1,₹44.50 / box,44.5000,per box,INR,per_box,1.000000,44.500000,0.0000,0.000000,0.000000,44.500000,0.900,1.000,1.000,0.965,HIGH,AUTO_VERIFIED,1,,Line 1: 600x400x400mm 5-ply @ INR 44.50/box,,
QUOTE-VEND-04-PKG-001,PKG-001,VEND-04,1,$0.5100 / box,0.5100,per box,USD,per_box,1.000000,42.840000,0.0000,0.000000,0.000000,42.840000,0.950,1.000,1.000,0.982,HIGH,AUTO_VERIFIED,1,"{""page"":1,""x"":110,""y"":240,""w"":320,""h"":32}",PKG-001: Heavy Shipper 600x400x400 - $0.51 / unit,,
QUOTE-VEND-05-PKG-001,PKG-001,VEND-05,1,₹44.00 / kg,44.0000,per kg,INR,per_box,1.150000,50.600000,0.0400,0.000000,0.000000,52.624000,0.650,0.650,1.000,0.772,HIGH,MANDATORY_BUYER_REVIEW,1,,"Email clause: ""All 5-ply cartons @ Rs 44/kg base"" (+4% freight extra)",,
QUOTE-VEND-01-PKG-002,PKG-002,VEND-01,1,₹38.10 / box,38.1000,per box,INR,per_box,1.000000,38.100000,0.0000,0.017147,0.000000,38.117147,1.000,1.000,1.000,1.000,HIGH,AUTO_VERIFIED,1,,"Tab ""Line Item Rates"", Cell C3: ₹38.10",,
QUOTE-VEND-02-PKG-002,PKG-002,VEND-02,1,"₹3,900 / 100 pcs",3900.0000,per 100 pcs,INR,per_box,0.010000,39.000000,0.0000,0.000000,0.000000,39.000000,0.800,0.850,1.000,0.885,HIGH,MANDATORY_BUYER_REVIEW,1,"{""page"":1,""x"":142,""y"":435,""w"":280,""h"":48}","Item 2: 550x350x350 5-ply ... Rs. 3,900 per 100 pcs",,
QUOTE-VEND-03-PKG-002,PKG-002,VEND-03,1,₹37.60 / box,37.6000,per box,INR,per_box,1.000000,37.600000,0.0000,0.000000,0.000000,37.600000,0.900,1.000,1.000,0.965,HIGH,AUTO_VERIFIED,1,,Line 2: 550x350x350mm 5-ply @ INR 37.60/box,,
QUOTE-VEND-04-PKG-002,PKG-002,VEND-04,1,$0.4464 / box,0.4464,per box,USD,per_box,1.000000,37.497600,0.0000,0.000000,0.000000,37.497600,0.950,1.000,1.000,0.982,HIGH,AUTO_VERIFIED,1,"{""page"":1,""x"":110,""y"":280,""w"":320,""h"":32}",PKG-002: Std Shipper 550x350x350 - $0.4464 / unit,,
QUOTE-VEND-05-PKG-002,PKG-002,VEND-05,1,₹44.00 / kg,44.0000,per kg,INR,per_box,1.050000,46.200000,0.0400,0.000000,0.000000,48.048000,0.650,0.650,0.600,0.633,HIGH,MANDATORY_BUYER_REVIEW,1,,"Email clause: ""All 5-ply cartons @ Rs 44/kg base"" (+4% freight extra)",,
QUOTE-VEND-01-PKG-003,PKG-003,VEND-01,1,₹35.80 / box,35.8000,per box,INR,per_box,1.000000,35.800000,0.0000,0.017147,0.000000,35.817147,1.000,1.000,1.000,1.000,HIGH,AUTO_VERIFIED,1,,"Tab ""Line Item Rates"", Cell C4: ₹35.80",,
QUOTE-VEND-02-PKG-003,PKG-003,VEND-02,1,"₹3,650 / 100 pcs",3650.0000,per 100 pcs,INR,per_box,0.010000,36.500000,0.0000,0.000000,0.000000,36.500000,0.800,0.850,1.000,0.885,HIGH,MANDATORY_BUYER_REVIEW,1,"{""page"":1,""x"":142,""y"":488,""w"":280,""h"":48}","Item 3: 500x350x300 5-ply ... Rs. 3,650 per 100 pcs",,
QUOTE-VEND-03-PKG-003,PKG-003,VEND-03,1,₹35.40 / box,35.4000,per box,INR,per_box,1.000000,35.400000,0.0000,0.000000,0.000000,35.400000,0.900,1.000,1.000,0.965,HIGH,AUTO_VERIFIED,1,,Line 3: 500x350x300mm 5-ply @ INR 35.40/box,,
QUOTE-VEND-04-PKG-003,PKG-003,VEND-04,1,$0.4226 / box,0.4226,per box,USD,per_box,1.000000,35.498400,0.0000,0.000000,0.000000,35.498400,0.950,1.000,1.000,0.982,HIGH,AUTO_VERIFIED,1,"{""page"":1,""x"":110,""y"":320,""w"":320,""h"":32}",PKG-003: Bulk Shipper 500x350x300 - $0.4226 / unit,,
QUOTE-VEND-05-PKG-003,PKG-003,VEND-05,1,₹44.00 / kg,44.0000,per kg,INR,per_box,0.980000,43.120000,0.0400,0.000000,0.000000,44.844800,0.650,0.650,0.600,0.633,HIGH,MANDATORY_BUYER_REVIEW,1,,"Email clause: ""All 5-ply cartons @ Rs 44/kg base"" (+4% freight extra)",,
QUOTE-VEND-01-PKG-004,PKG-004,VEND-01,1,₹41.50 / box,41.5000,per box,INR,per_box,1.000000,41.500000,0.0000,0.017147,0.000000,41.517147,1.000,1.000,1.000,1.000,HIGH,AUTO_VERIFIED,1,,"Tab ""Line Item Rates"", Cell C5: ₹41.50",,
QUOTE-VEND-02-PKG-004,PKG-004,VEND-02,1,"₹4,180 / 100 pcs",4180.0000,per 100 pcs,INR,per_box,0.010000,41.800000,0.0000,0.000000,0.000000,41.800000,0.800,0.850,1.000,0.885,HIGH,MANDATORY_BUYER_REVIEW,1,"{""page"":1,""x"":142,""y"":540,""w"":280,""h"":48}","Item 4: 500x400x350 5-ply ... Rs. 4,180 per 100 pcs",,
QUOTE-VEND-03-PKG-004,PKG-004,VEND-03,1,₹41.20 / box,41.2000,per box,INR,per_box,1.000000,41.200000,0.0000,0.000000,0.000000,41.200000,0.900,1.000,1.000,0.965,HIGH,AUTO_VERIFIED,1,,Line 4: 500x400x350mm 5-ply @ INR 41.20/box,,
QUOTE-VEND-04-PKG-004,PKG-004,VEND-04,1,$0.4917 / box,0.4917,per box,USD,per_box,1.000000,41.302800,0.0000,0.000000,0.000000,41.302800,0.950,1.000,1.000,0.982,HIGH,AUTO_VERIFIED,1,"{""page"":1,""x"":110,""y"":360,""w"":320,""h"":32}",PKG-004: Export Shipper 500x400x350 - $0.4917 / unit,,
QUOTE-VEND-05-PKG-004,PKG-004,VEND-05,1,₹44.00 / kg,44.0000,per kg,INR,per_box,1.100000,48.400000,0.0400,0.000000,0.000000,50.336000,0.650,0.650,0.600,0.633,HIGH,MANDATORY_BUYER_REVIEW,1,,"Email clause: ""All 5-ply cartons @ Rs 44/kg base"" (+4% freight extra)",,
QUOTE-VEND-01-PKG-005,PKG-005,VEND-01,1,₹39.75 / box,39.7500,per box,INR,per_box,1.000000,39.750000,0.0000,0.017147,0.000000,39.767147,1.000,1.000,1.000,1.000,HIGH,AUTO_VERIFIED,1,,"Tab ""Line Item Rates"", Cell C6: ₹39.75",,
QUOTE-VEND-02-PKG-005,PKG-005,VEND-02,1,"₹3,950 / 100 pcs",3950.0000,per 100 pcs,INR,per_box,0.010000,39.500000,0.0000,0.000000,0.000000,39.500000,0.800,0.850,1.000,0.885,HIGH,MANDATORY_BUYER_REVIEW,1,"{""page"":1,""x"":142,""y"":592,""w"":280,""h"":48}","Item 5: 520x380x320 5-ply ... Rs. 3,950 per 100 pcs",,
QUOTE-VEND-03-PKG-005,PKG-005,VEND-03,1,₹39.20 / box,39.2000,per box,INR,per_box,1.000000,39.200000,0.0000,0.000000,0.000000,39.200000,0.900,1.000,1.000,0.965,HIGH,AUTO_VERIFIED,1,,Line 5: 520x380x320mm 5-ply @ INR 39.20/box,,
QUOTE-VEND-04-PKG-005,PKG-005,VEND-04,1,$0.4680 / box,0.4680,per box,USD,per_box,1.000000,39.312000,0.0000,0.000000,0.000000,39.312000,0.950,1.000,1.000,0.982,HIGH,AUTO_VERIFIED,1,"{""page"":1,""x"":110,""y"":400,""w"":320,""h"":32}",PKG-005: Industrial Shipper 520x380x320 - $0.4680 / unit,,
QUOTE-VEND-05-PKG-005,PKG-005,VEND-05,1,₹44.00 / kg,44.0000,per kg,INR,per_box,1.020000,44.880000,0.0400,0.000000,0.000000,46.675200,0.650,0.650,1.000,0.772,HIGH,MANDATORY_BUYER_REVIEW,1,,"Email clause: ""All 5-ply cartons @ Rs 44/kg base"" (+4% freight extra)",,
QUOTE-VEND-01-PKG-006,PKG-006,VEND-01,1,₹33.90 / box,33.9000,per box,INR,per_box,1.000000,33.900000,0.0000,0.017147,0.000000,33.917147,1.000,1.000,1.000,1.000,HIGH,AUTO_VERIFIED,1,,"Tab ""Line Item Rates"", Cell C7: ₹33.90",,
QUOTE-VEND-02-PKG-006,PKG-006,VEND-02,1,"₹3,450 / 100 pcs",3450.0000,per 100 pcs,INR,per_box,0.010000,34.500000,0.0000,0.000000,0.000000,34.500000,0.800,0.850,1.000,0.885,HIGH,MANDATORY_BUYER_REVIEW,1,"{""page"":1,""x"":142,""y"":645,""w"":280,""h"":48}","Item 6: 480x320x300 5-ply ... Rs. 3,450 per 100 pcs",,
QUOTE-VEND-03-PKG-006,PKG-006,VEND-03,1,₹33.50 / box,33.5000,per box,INR,per_box,1.000000,33.500000,0.0000,0.000000,0.000000,33.500000,0.900,1.000,1.000,0.965,HIGH,AUTO_VERIFIED,1,,Line 6: 480x320x300mm 5-ply @ INR 33.50/box,,
QUOTE-VEND-04-PKG-006,PKG-006,VEND-04,1,$0.3988 / box,0.3988,per box,USD,per_box,1.000000,33.499200,0.0000,0.000000,0.000000,33.499200,0.950,1.000,1.000,0.982,HIGH,AUTO_VERIFIED,1,"{""page"":1,""x"":110,""y"":440,""w"":320,""h"":32}",PKG-006: Warehouse Box 480x320x300 - $0.3988 / unit,,
QUOTE-VEND-05-PKG-006,PKG-006,VEND-05,1,₹44.00 / kg,44.0000,per kg,INR,per_box,0.900000,39.600000,0.0400,0.000000,0.000000,41.184000,0.650,0.650,0.600,0.633,HIGH,MANDATORY_BUYER_REVIEW,1,,"Email clause: ""All 5-ply cartons @ Rs 44/kg base"" (+4% freight extra)",,
QUOTE-VEND-01-PKG-007,PKG-007,VEND-01,1,₹31.80 / box,31.8000,per box,INR,per_box,1.000000,31.800000,0.0000,0.017147,0.000000,31.817147,1.000,1.000,1.000,1.000,MEDIUM,AUTO_VERIFIED,1,,"Tab ""Line Item Rates"", Cell C8: ₹31.80",,
QUOTE-VEND-02-PKG-007,PKG-007,VEND-02,1,"₹3,220 / 100 pcs",3220.0000,per 100 pcs,INR,per_box,0.010000,32.200000,0.0000,0.000000,0.000000,32.200000,0.800,0.850,1.000,0.885,MEDIUM,AUTO_VERIFIED,1,"{""page"":1,""x"":142,""y"":698,""w"":280,""h"":48}","Item 7: 450x300x300 5-ply ... Rs. 3,220 per 100 pcs",,
QUOTE-VEND-03-PKG-007,PKG-007,VEND-03,1,₹31.40 / box,31.4000,per box,INR,per_box,1.000000,31.400000,0.0000,0.000000,0.000000,31.400000,0.900,1.000,1.000,0.965,MEDIUM,AUTO_VERIFIED,1,,Line 7: 450x300x300mm 5-ply @ INR 31.40/box,,
QUOTE-VEND-04-PKG-007,PKG-007,VEND-04,1,$0.3750 / box,0.3750,per box,USD,per_box,1.000000,31.500000,0.0000,0.000000,0.000000,31.500000,0.950,1.000,1.000,0.982,MEDIUM,AUTO_VERIFIED,1,"{""page"":1,""x"":110,""y"":480,""w"":320,""h"":32}",PKG-007: Freight Carton 450x300x300 - $0.3750 / unit,,
QUOTE-VEND-05-PKG-007,PKG-007,VEND-05,1,₹44.00 / kg,44.0000,per kg,INR,per_box,0.850000,37.400000,0.0400,0.000000,0.000000,38.896000,0.650,0.650,0.600,0.633,MEDIUM,MANDATORY_BUYER_REVIEW,1,,"Email clause: ""All 5-ply cartons @ Rs 44/kg base"" (+4% freight extra)",,
QUOTE-VEND-01-PKG-008,PKG-008,VEND-01,1,₹29.50 / box,29.5000,per box,INR,per_box,1.000000,29.500000,0.0000,0.017147,0.000000,29.517147,1.000,1.000,1.000,1.000,MEDIUM,AUTO_VERIFIED,1,,"Tab ""Line Item Rates"", Cell C9: ₹29.50",,
QUOTE-VEND-02-PKG-008,PKG-008,VEND-02,1,"₹3,020 / 100 pcs",3020.0000,per 100 pcs,INR,per_box,0.010000,30.200000,0.0000,0.000000,0.000000,30.200000,0.800,0.850,1.000,0.885,MEDIUM,AUTO_VERIFIED,1,"{""page"":1,""x"":142,""y"":750,""w"":280,""h"":48}","Item 8: 420x300x280 5-ply ... Rs. 3,020 per 100 pcs",,
QUOTE-VEND-03-PKG-008,PKG-008,VEND-03,1,₹29.20 / box,29.2000,per box,INR,per_box,1.000000,29.200000,0.0000,0.000000,0.000000,29.200000,0.900,1.000,1.000,0.965,MEDIUM,AUTO_VERIFIED,1,,Line 8: 420x300x280mm 5-ply @ INR 29.20/box,,
QUOTE-VEND-04-PKG-008,PKG-008,VEND-04,1,$0.3512 / box,0.3512,per box,USD,per_box,1.000000,29.500800,0.0000,0.000000,0.000000,29.500800,0.950,1.000,1.000,0.982,MEDIUM,AUTO_VERIFIED,1,"{""page"":1,""x"":110,""y"":520,""w"":320,""h"":32}",PKG-008: Heavy Shipper 420x300x280 - $0.3512 / unit,,
QUOTE-VEND-05-PKG-008,PKG-008,VEND-05,1,₹44.00 / kg,44.0000,per kg,INR,per_box,0.800000,35.200000,0.0400,0.000000,0.000000,36.608000,0.650,0.650,0.600,0.633,MEDIUM,MANDATORY_BUYER_REVIEW,1,,"Email clause: ""All 5-ply cartons @ Rs 44/kg base"" (+4% freight extra)",,
QUOTE-VEND-01-PKG-009,PKG-009,VEND-01,1,₹47.60 / box,47.6000,per box,INR,per_box,1.000000,47.600000,0.0000,0.017147,0.000000,47.617147,1.000,1.000,1.000,1.000,HIGH,AUTO_VERIFIED,1,,"Tab ""Line Item Rates"", Cell C10: ₹47.60",,
QUOTE-VEND-02-PKG-009,PKG-009,VEND-02,1,"₹4,820 / 100 pcs",4820.0000,per 100 pcs,INR,per_box,0.010000,48.200000,0.0000,0.000000,0.000000,48.200000,0.800,0.850,1.000,0.885,HIGH,MANDATORY_BUYER_REVIEW,1,"{""page"":1,""x"":142,""y"":802,""w"":280,""h"":48}","Item 9: 600x450x400 5-ply ... Rs. 4,820 per 100 pcs",,
QUOTE-VEND-03-PKG-009,PKG-009,VEND-03,1,₹47.00 / box,47.0000,per box,INR,per_box,1.000000,47.000000,0.0000,0.000000,0.000000,47.000000,0.900,1.000,1.000,0.965,HIGH,AUTO_VERIFIED,1,,Line 9: 600x450x400mm 5-ply @ INR 47.00/box,,
QUOTE-VEND-04-PKG-009,PKG-009,VEND-04,1,$0.5655 / box,0.5655,per box,USD,per_box,1.000000,47.502000,0.0000,0.000000,0.000000,47.502000,0.950,1.000,1.000,0.982,HIGH,AUTO_VERIFIED,1,"{""page"":1,""x"":110,""y"":560,""w"":320,""h"":32}",PKG-009: Jumbo Shipper 600x450x400 - $0.5655 / unit,,
QUOTE-VEND-05-PKG-009,PKG-009,VEND-05,1,₹44.00 / kg,44.0000,per kg,INR,per_box,1.200000,52.800000,0.0400,0.000000,0.000000,54.912000,0.650,0.650,1.000,0.772,HIGH,MANDATORY_BUYER_REVIEW,1,,"Email clause: ""All 5-ply cartons @ Rs 44/kg base"" (+4% freight extra)",,
QUOTE-VEND-01-PKG-010,PKG-010,VEND-01,1,₹27.90 / box,27.9000,per box,INR,per_box,1.000000,27.900000,0.0000,0.017147,0.000000,27.917147,1.000,1.000,1.000,1.000,MEDIUM,AUTO_VERIFIED,1,,"Tab ""Line Item Rates"", Cell C11: ₹27.90",,
QUOTE-VEND-02-PKG-010,PKG-010,VEND-02,1,"₹2,820 / 100 pcs",2820.0000,per 100 pcs,INR,per_box,0.010000,28.200000,0.0000,0.000000,0.000000,28.200000,0.800,0.850,1.000,0.885,MEDIUM,AUTO_VERIFIED,1,"{""page"":1,""x"":142,""y"":855,""w"":280,""h"":48}","Item 10: 400x300x300 5-ply ... Rs. 2,820 per 100 pcs",,
QUOTE-VEND-03-PKG-010,PKG-010,VEND-03,1,₹27.50 / box,27.5000,per box,INR,per_box,1.000000,27.500000,0.0000,0.000000,0.000000,27.500000,0.900,1.000,1.000,0.965,MEDIUM,AUTO_VERIFIED,1,,Line 10: 400x300x300mm 5-ply @ INR 27.50/box,,
QUOTE-VEND-04-PKG-010,PKG-010,VEND-04,1,$0.3298 / box,0.3298,per box,USD,per_box,1.000000,27.703200,0.0000,0.000000,0.000000,27.703200,0.950,1.000,1.000,0.982,MEDIUM,AUTO_VERIFIED,1,"{""page"":1,""x"":110,""y"":600,""w"":320,""h"":32}",PKG-010: Base Carton 400x300x300 - $0.3298 / unit,,
QUOTE-VEND-05-PKG-010,PKG-010,VEND-05,1,₹44.00 / kg,44.0000,per kg,INR,per_box,0.750000,33.000000,0.0400,0.000000,0.000000,34.320000,0.650,0.650,0.600,0.633,MEDIUM,MANDATORY_BUYER_REVIEW,1,,"Email clause: ""All 5-ply cartons @ Rs 44/kg base"" (+4% freight extra)",,
QUOTE-VEND-01-PKG-011,PKG-011,VEND-01,1,₹21.80 / box,21.8000,per box,INR,per_box,1.000000,21.800000,0.0000,0.017147,0.000000,21.817147,1.000,1.000,1.000,1.000,MEDIUM,AUTO_VERIFIED,1,,"Tab ""Line Item Rates"", Cell C12: ₹21.80",,
QUOTE-VEND-02-PKG-011,PKG-011,VEND-02,1,"₹2,240 / 100 pcs",2240.0000,per 100 pcs,INR,per_box,0.010000,22.400000,0.0000,0.000000,0.000000,22.400000,0.800,0.850,1.000,0.885,MEDIUM,AUTO_VERIFIED,2,"{""page"":2,""x"":140,""y"":120,""w"":280,""h"":45}","Item 11: 350x250x200 3-ply ... Rs. 2,240 per 100 pcs",,
QUOTE-VEND-03-PKG-011,PKG-011,VEND-03,1,₹21.50 / box,21.5000,per box,INR,per_box,1.000000,21.500000,0.0000,0.000000,0.000000,21.500000,0.900,1.000,1.000,0.965,MEDIUM,AUTO_VERIFIED,1,,Line 11: 350x250x200mm 3-ply @ INR 21.50/box,,
QUOTE-VEND-04-PKG-011,PKG-011,VEND-04,1,$0.2583 / box,0.2583,per box,USD,per_box,1.000000,21.697200,0.0000,0.000000,0.000000,21.697200,0.950,1.000,1.000,0.982,MEDIUM,AUTO_VERIFIED,2,"{""page"":2,""x"":110,""y"":120,""w"":320,""h"":32}",PKG-011: 3-Ply Carton L 350x250x200 - $0.2583 / unit,,
QUOTE-VEND-05-PKG-011,PKG-011,VEND-05,1,₹39.00 / kg,39.0000,per kg,INR,per_box,0.520000,20.280000,0.0400,0.000000,0.000000,21.091200,0.650,0.650,1.000,0.772,MEDIUM,AUTO_VERIFIED,1,,"Email clause: ""All 3-ply universal cartons @ Rs 39/kg base"" (+4% freight extra)",,
QUOTE-VEND-01-PKG-012,PKG-012,VEND-01,1,₹19.80 / box,19.8000,per box,INR,per_box,1.000000,19.800000,0.0000,0.017147,0.000000,19.817147,1.000,1.000,1.000,1.000,MEDIUM,AUTO_VERIFIED,1,,"Tab ""Line Item Rates"", Cell C13: ₹19.80",,
QUOTE-VEND-02-PKG-012,PKG-012,VEND-02,1,"₹2,040 / 100 pcs",2040.0000,per 100 pcs,INR,per_box,0.010000,20.400000,0.0000,0.000000,0.000000,20.400000,0.800,0.850,1.000,0.885,MEDIUM,AUTO_VERIFIED,2,"{""page"":2,""x"":140,""y"":170,""w"":280,""h"":45}","Item 12: 320x220x180 3-ply ... Rs. 2,040 per 100 pcs",,
QUOTE-VEND-03-PKG-012,PKG-012,VEND-03,1,₹19.50 / box,19.5000,per box,INR,per_box,1.000000,19.500000,0.0000,0.000000,0.000000,19.500000,0.900,1.000,1.000,0.965,MEDIUM,AUTO_VERIFIED,1,,Line 12: 320x220x180mm 3-ply @ INR 19.50/box,,
QUOTE-VEND-04-PKG-012,PKG-012,VEND-04,1,$0.2345 / box,0.2345,per box,USD,per_box,1.000000,19.698000,0.0000,0.000000,0.000000,19.698000,0.950,1.000,1.000,0.982,MEDIUM,AUTO_VERIFIED,2,"{""page"":2,""x"":110,""y"":160,""w"":320,""h"":32}",PKG-012: 3-Ply Carton M 320x220x180 - $0.2345 / unit,,
QUOTE-VEND-05-PKG-012,PKG-012,VEND-05,1,₹39.00 / kg,39.0000,per kg,INR,per_box,0.460000,17.940000,0.0400,0.000000,0.000000,18.657600,0.650,0.650,1.000,0.772,MEDIUM,AUTO_VERIFIED,1,,"Email clause: ""All 3-ply universal cartons @ Rs 39/kg base"" (+4% freight extra)",,
QUOTE-VEND-01-PKG-013,PKG-013,VEND-01,1,₹17.90 / box,17.9000,per box,INR,per_box,1.000000,17.900000,0.0000,0.017147,0.000000,17.917147,1.000,1.000,1.000,1.000,MEDIUM,AUTO_VERIFIED,1,,"Tab ""Line Item Rates"", Cell C14: ₹17.90",,
QUOTE-VEND-02-PKG-013,PKG-013,VEND-02,1,"₹1,820 / 100 pcs",1820.0000,per 100 pcs,INR,per_box,0.010000,18.200000,0.0000,0.000000,0.000000,18.200000,0.800,0.850,1.000,0.885,MEDIUM,AUTO_VERIFIED,2,"{""page"":2,""x"":140,""y"":220,""w"":280,""h"":45}","Item 13: 300x200x150 3-ply ... Rs. 1,820 per 100 pcs",,
QUOTE-VEND-03-PKG-013,PKG-013,VEND-03,1,₹17.50 / box,17.5000,per box,INR,per_box,1.000000,17.500000,0.0000,0.000000,0.000000,17.500000,0.900,1.000,1.000,0.965,MEDIUM,AUTO_VERIFIED,1,,Line 13: 300x200x150mm 3-ply @ INR 17.50/box,,
QUOTE-VEND-04-PKG-013,PKG-013,VEND-04,1,$0.2107 / box,0.2107,per box,USD,per_box,1.000000,17.698800,0.0000,0.000000,0.000000,17.698800,0.950,1.000,1.000,0.982,MEDIUM,AUTO_VERIFIED,2,"{""page"":2,""x"":110,""y"":200,""w"":320,""h"":32}",PKG-013: Distribution Box 300x200x150 - $0.2107 / unit,,
QUOTE-VEND-05-PKG-013,PKG-013,VEND-05,1,₹39.00 / kg,39.0000,per kg,INR,per_box,0.400000,15.600000,0.0400,0.000000,0.000000,16.224000,0.650,0.650,1.000,0.772,MEDIUM,AUTO_VERIFIED,1,,"Email clause: ""All 3-ply universal cartons @ Rs 39/kg base"" (+4% freight extra)",,
QUOTE-VEND-01-PKG-014,PKG-014,VEND-01,1,₹20.80 / box,20.8000,per box,INR,per_box,1.000000,20.800000,0.0000,0.017147,0.000000,20.817147,1.000,1.000,1.000,1.000,MEDIUM,AUTO_VERIFIED,1,,"Tab ""Line Item Rates"", Cell C15: ₹20.80",,
QUOTE-VEND-02-PKG-014,PKG-014,VEND-02,1,"₹2,120 / 100 pcs",2120.0000,per 100 pcs,INR,per_box,0.010000,21.200000,0.0000,0.000000,0.000000,21.200000,0.800,0.850,1.000,0.885,MEDIUM,AUTO_VERIFIED,2,"{""page"":2,""x"":140,""y"":270,""w"":280,""h"":45}","Item 14: 340x240x190 3-ply ... Rs. 2,120 per 100 pcs",,
QUOTE-VEND-03-PKG-014,PKG-014,VEND-03,1,₹20.40 / box,20.4000,per box,INR,per_box,1.000000,20.400000,0.0000,0.000000,0.000000,20.400000,0.900,1.000,1.000,0.965,MEDIUM,AUTO_VERIFIED,1,,Line 14: 340x240x190mm 3-ply @ INR 20.40/box,,
QUOTE-VEND-04-PKG-014,PKG-014,VEND-04,1,$0.2464 / box,0.2464,per box,USD,per_box,1.000000,20.697600,0.0000,0.000000,0.000000,20.697600,0.950,1.000,1.000,0.982,MEDIUM,AUTO_VERIFIED,2,"{""page"":2,""x"":110,""y"":240,""w"":320,""h"":32}",PKG-014: Delivery Carton 340x240x190 - $0.2464 / unit,,
QUOTE-VEND-05-PKG-014,PKG-014,VEND-05,1,₹39.00 / kg,39.0000,per kg,INR,per_box,0.500000,19.500000,0.0400,0.000000,0.000000,20.280000,0.650,0.650,1.000,0.772,MEDIUM,AUTO_VERIFIED,1,,"Email clause: ""All 3-ply universal cartons @ Rs 39/kg base"" (+4% freight extra)",,
QUOTE-VEND-01-PKG-015,PKG-015,VEND-01,1,₹16.90 / box,16.9000,per box,INR,per_box,1.000000,16.900000,0.0000,0.017147,0.000000,16.917147,1.000,1.000,1.000,1.000,MEDIUM,AUTO_VERIFIED,1,,"Tab ""Line Item Rates"", Cell C16: ₹16.90",,
QUOTE-VEND-02-PKG-015,PKG-015,VEND-02,1,"₹1,740 / 100 pcs",1740.0000,per 100 pcs,INR,per_box,0.010000,17.400000,0.0000,0.000000,0.000000,17.400000,0.800,0.850,1.000,0.885,MEDIUM,AUTO_VERIFIED,2,"{""page"":2,""x"":140,""y"":320,""w"":280,""h"":45}","Item 15: 280x190x140 3-ply ... Rs. 1,740 per 100 pcs",,
QUOTE-VEND-03-PKG-015,PKG-015,VEND-03,1,₹16.50 / box,16.5000,per box,INR,per_box,1.000000,16.500000,0.0000,0.000000,0.000000,16.500000,0.900,1.000,1.000,0.965,MEDIUM,AUTO_VERIFIED,1,,Line 15: 280x190x140mm 3-ply @ INR 16.50/box,,
QUOTE-VEND-04-PKG-015,PKG-015,VEND-04,1,$0.1988 / box,0.1988,per box,USD,per_box,1.000000,16.699200,0.0000,0.000000,0.000000,16.699200,0.950,1.000,1.000,0.982,MEDIUM,AUTO_VERIFIED,2,"{""page"":2,""x"":110,""y"":280,""w"":320,""h"":32}",PKG-015: Dispatch Carton 280x190x140 - $0.1988 / unit,,
QUOTE-VEND-05-PKG-015,PKG-015,VEND-05,1,₹39.00 / kg,39.0000,per kg,INR,per_box,0.380000,14.820000,0.0400,0.000000,0.000000,15.412800,0.650,0.650,1.000,0.772,MEDIUM,AUTO_VERIFIED,1,,"Email clause: ""All 3-ply universal cartons @ Rs 39/kg base"" (+4% freight extra)",,
QUOTE-VEND-01-PKG-016,PKG-016,VEND-01,1,₹19.40 / box,19.4000,per box,INR,per_box,1.000000,19.400000,0.0000,0.017147,0.000000,19.417147,1.000,1.000,1.000,1.000,MEDIUM,AUTO_VERIFIED,1,,"Tab ""Line Item Rates"", Cell C17: ₹19.40",,
QUOTE-VEND-02-PKG-016,PKG-016,VEND-02,1,"₹1,980 / 100 pcs",1980.0000,per 100 pcs,INR,per_box,0.010000,19.800000,0.0000,0.000000,0.000000,19.800000,0.800,0.850,1.000,0.885,MEDIUM,AUTO_VERIFIED,2,"{""page"":2,""x"":140,""y"":370,""w"":280,""h"":45}","Item 16: 300x250x200 3-ply ... Rs. 1,980 per 100 pcs",,
QUOTE-VEND-03-PKG-016,PKG-016,VEND-03,1,₹19.00 / box,19.0000,per box,INR,per_box,1.000000,19.000000,0.0000,0.000000,0.000000,19.000000,0.900,1.000,1.000,0.965,MEDIUM,AUTO_VERIFIED,1,,Line 16: 300x250x200mm 3-ply @ INR 19.00/box,,
QUOTE-VEND-04-PKG-016,PKG-016,VEND-04,1,$0.2286 / box,0.2286,per box,USD,per_box,1.000000,19.202400,0.0000,0.000000,0.000000,19.202400,0.950,1.000,1.000,0.982,MEDIUM,AUTO_VERIFIED,2,"{""page"":2,""x"":110,""y"":320,""w"":320,""h"":32}",PKG-016: Square Box 300x250x200 - $0.2286 / unit,,
QUOTE-VEND-05-PKG-016,PKG-016,VEND-05,1,₹39.00 / kg,39.0000,per kg,INR,per_box,0.480000,18.720000,0.0400,0.000000,0.000000,19.468800,0.650,0.650,1.000,0.772,MEDIUM,AUTO_VERIFIED,1,,"Email clause: ""All 3-ply universal cartons @ Rs 39/kg base"" (+4% freight extra)",,
QUOTE-VEND-01-PKG-017,PKG-017,VEND-01,1,₹15.40 / box,15.4000,per box,INR,per_box,1.000000,15.400000,0.0000,0.017147,0.000000,15.417147,1.000,1.000,1.000,1.000,LOW,AUTO_VERIFIED,1,,"Tab ""Line Item Rates"", Cell C18: ₹15.40",,
QUOTE-VEND-02-PKG-017,PKG-017,VEND-02,1,"₹1,580 / 100 pcs",1580.0000,per 100 pcs,INR,per_box,0.010000,15.800000,0.0000,0.000000,0.000000,15.800000,0.800,0.850,1.000,0.885,LOW,AUTO_VERIFIED,2,"{""page"":2,""x"":140,""y"":420,""w"":280,""h"":45}","Item 17: 260x180x130 3-ply ... Rs. 1,580 per 100 pcs",,
QUOTE-VEND-03-PKG-017,PKG-017,VEND-03,1,₹15.00 / box,15.0000,per box,INR,per_box,1.000000,15.000000,0.0000,0.000000,0.000000,15.000000,0.900,1.000,1.000,0.965,LOW,AUTO_VERIFIED,1,,Line 17: 260x180x130mm 3-ply @ INR 15.00/box,,
QUOTE-VEND-04-PKG-017,PKG-017,VEND-04,1,$0.1810 / box,0.1810,per box,USD,per_box,1.000000,15.204000,0.0000,0.000000,0.000000,15.204000,0.950,1.000,1.000,0.982,LOW,AUTO_VERIFIED,2,"{""page"":2,""x"":110,""y"":360,""w"":320,""h"":32}",PKG-017: Compact Box 260x180x130 - $0.1810 / unit,,
QUOTE-VEND-05-PKG-017,PKG-017,VEND-05,1,₹39.00 / kg,39.0000,per kg,INR,per_box,0.350000,13.650000,0.0400,0.000000,0.000000,14.196000,0.650,0.650,1.000,0.772,LOW,AUTO_VERIFIED,1,,"Email clause: ""All 3-ply universal cartons @ Rs 39/kg base"" (+4% freight extra)",,
QUOTE-VEND-01-PKG-018,PKG-018,VEND-01,1,₹18.20 / box,18.2000,per box,INR,per_box,1.000000,18.200000,0.0000,0.017147,0.000000,18.217147,1.000,1.000,1.000,1.000,LOW,AUTO_VERIFIED,1,,"Tab ""Line Item Rates"", Cell C19: ₹18.20",,
QUOTE-VEND-02-PKG-018,PKG-018,VEND-02,1,"₹1,880 / 100 pcs",1880.0000,per 100 pcs,INR,per_box,0.010000,18.800000,0.0000,0.000000,0.000000,18.800000,0.800,0.850,1.000,0.885,LOW,AUTO_VERIFIED,2,"{""page"":2,""x"":140,""y"":470,""w"":280,""h"":45}","Item 18: 310x210x160 3-ply ... Rs. 1,880 per 100 pcs",,
QUOTE-VEND-03-PKG-018,PKG-018,VEND-03,1,₹17.90 / box,17.9000,per box,INR,per_box,1.000000,17.900000,0.0000,0.000000,0.000000,17.900000,0.900,1.000,1.000,0.965,LOW,AUTO_VERIFIED,1,,Line 18: 310x210x160mm 3-ply @ INR 17.90/box,,
QUOTE-VEND-04-PKG-018,PKG-018,VEND-04,1,$0.2167 / box,0.2167,per box,USD,per_box,1.000000,18.202800,0.0000,0.000000,0.000000,18.202800,0.950,1.000,1.000,0.982,LOW,AUTO_VERIFIED,2,"{""page"":2,""x"":110,""y"":400,""w"":320,""h"":32}",PKG-018: Retail Shipper 310x210x160 - $0.2167 / unit,,
QUOTE-VEND-05-PKG-018,PKG-018,VEND-05,1,₹39.00 / kg,39.0000,per kg,INR,per_box,0.420000,16.380000,0.0400,0.000000,0.000000,17.035200,0.650,0.650,1.000,0.772,LOW,AUTO_VERIFIED,1,,"Email clause: ""All 3-ply universal cartons @ Rs 39/kg base"" (+4% freight extra)",,
QUOTE-VEND-01-PKG-019,PKG-019,VEND-01,1,₹20.20 / box,20.2000,per box,INR,per_box,1.000000,20.200000,0.0000,0.017147,0.000000,20.217147,1.000,1.000,1.000,1.000,LOW,AUTO_VERIFIED,1,,"Tab ""Line Item Rates"", Cell C20: ₹20.20",,
QUOTE-VEND-02-PKG-019,PKG-019,VEND-02,1,"₹2,080 / 100 pcs",2080.0000,per 100 pcs,INR,per_box,0.010000,20.800000,0.0000,0.000000,0.000000,20.800000,0.800,0.850,1.000,0.885,LOW,AUTO_VERIFIED,2,"{""page"":2,""x"":140,""y"":520,""w"":280,""h"":45}","Item 19: 330x230x170 3-ply ... Rs. 2,080 per 100 pcs",,
QUOTE-VEND-03-PKG-019,PKG-019,VEND-03,1,₹19.80 / box,19.8000,per box,INR,per_box,1.000000,19.800000,0.0000,0.000000,0.000000,19.800000,0.900,1.000,1.000,0.965,LOW,AUTO_VERIFIED,1,,Line 19: 330x230x170mm 3-ply @ INR 19.80/box,,
QUOTE-VEND-04-PKG-019,PKG-019,VEND-04,1,$0.2405 / box,0.2405,per box,USD,per_box,1.000000,20.202000,0.0000,0.000000,0.000000,20.202000,0.950,1.000,1.000,0.982,LOW,AUTO_VERIFIED,2,"{""page"":2,""x"":110,""y"":440,""w"":320,""h"":32}",PKG-019: Parcel Carton 330x230x170 - $0.2405 / unit,,
QUOTE-VEND-05-PKG-019,PKG-019,VEND-05,1,₹39.00 / kg,39.0000,per kg,INR,per_box,0.470000,18.330000,0.0400,0.000000,0.000000,19.063200,0.650,0.650,1.000,0.772,LOW,AUTO_VERIFIED,1,,"Email clause: ""All 3-ply universal cartons @ Rs 39/kg base"" (+4% freight extra)",,
QUOTE-VEND-01-PKG-020,PKG-020,VEND-01,1,₹18.80 / box,18.8000,per box,INR,per_box,1.000000,18.800000,0.0000,0.017147,0.000000,18.817147,1.000,1.000,1.000,1.000,LOW,AUTO_VERIFIED,1,,"Tab ""Line Item Rates"", Cell C21: ₹18.80",,
QUOTE-VEND-02-PKG-020,PKG-020,VEND-02,1,"₹1,940 / 100 pcs",1940.0000,per 100 pcs,INR,per_box,0.010000,19.400000,0.0000,0.000000,0.000000,19.400000,0.800,0.850,1.000,0.885,LOW,AUTO_VERIFIED,2,"{""page"":2,""x"":140,""y"":570,""w"":280,""h"":45}","Item 20: 350x250x150 3-ply ... Rs. 1,940 per 100 pcs",,
QUOTE-VEND-03-PKG-020,PKG-020,VEND-03,1,₹18.50 / box,18.5000,per box,INR,per_box,1.000000,18.500000,0.0000,0.000000,0.000000,18.500000,0.900,1.000,1.000,0.965,LOW,AUTO_VERIFIED,1,,Line 20: 350x250x150mm 3-ply @ INR 18.50/box,,
QUOTE-VEND-04-PKG-020,PKG-020,VEND-04,1,$0.2226 / box,0.2226,per box,USD,per_box,1.000000,18.698400,0.0000,0.000000,0.000000,18.698400,0.950,1.000,1.000,0.982,LOW,AUTO_VERIFIED,2,"{""page"":2,""x"":110,""y"":480,""w"":320,""h"":32}",PKG-020: Shallow Box 350x250x150 - $0.2226 / unit,,
QUOTE-VEND-05-PKG-020,PKG-020,VEND-05,1,₹39.00 / kg,39.0000,per kg,INR,per_box,0.450000,17.550000,0.0400,0.000000,0.000000,18.252000,0.650,0.650,1.000,0.772,LOW,AUTO_VERIFIED,1,,"Email clause: ""All 3-ply universal cartons @ Rs 39/kg base"" (+4% freight extra)",,
QUOTE-VEND-01-PKG-021,PKG-021,VEND-01,1,₹15.80 / box,15.8000,per box,INR,per_box,1.000000,15.800000,0.0000,0.017147,0.000000,15.817147,1.000,1.000,1.000,1.000,LOW,AUTO_VERIFIED,1,,"Tab ""Line Item Rates"", Cell C22: ₹15.80",,
QUOTE-VEND-02-PKG-021,PKG-021,VEND-02,1,"₹1,620 / 100 pcs",1620.0000,per 100 pcs,INR,per_box,0.010000,16.200000,0.0000,0.000000,0.000000,16.200000,0.800,0.850,1.000,0.885,LOW,AUTO_VERIFIED,2,"{""page"":2,""x"":140,""y"":620,""w"":280,""h"":45}","Item 21: 300x200x80 Mailer ... Rs. 1,620 per 100 pcs",,
QUOTE-VEND-03-PKG-021,PKG-021,VEND-03,0,NOT QUOTED,,,INR,per_box,1.000000,,0.0000,0.000000,0.000000,,0.000,0.000,0.000,0.000,LOW,EXCLUDED,1,,NOT QUOTED,,
QUOTE-VEND-04-PKG-021,PKG-021,VEND-04,1,$0.1881 / box,0.1881,per box,USD,per_box,1.000000,15.800400,0.0000,0.000000,0.000000,15.800400,0.950,1.000,1.000,0.982,LOW,AUTO_VERIFIED,2,"{""page"":2,""x"":110,""y"":520,""w"":320,""h"":32}",PKG-021: Mailer L 300x200x80 - $0.1881 / unit,,
QUOTE-VEND-05-PKG-021,PKG-021,VEND-05,1,₹56.00 / kg,56.0000,per kg,INR,per_box,0.240000,13.440000,0.0400,0.000000,0.000000,13.977600,0.650,0.650,1.000,0.772,LOW,AUTO_VERIFIED,1,,"Email clause: ""Die-cut mailers @ Rs 56/kg base"" (+4% freight extra)",,
QUOTE-VEND-01-PKG-022,PKG-022,VEND-01,1,₹14.30 / box,14.3000,per box,INR,per_box,1.000000,14.300000,0.0000,0.017147,0.000000,14.317147,1.000,1.000,1.000,1.000,LOW,AUTO_VERIFIED,1,,"Tab ""Line Item Rates"", Cell C23: ₹14.30",,
QUOTE-VEND-02-PKG-022,PKG-022,VEND-02,1,"₹1,480 / 100 pcs",1480.0000,per 100 pcs,INR,per_box,0.010000,14.800000,0.0000,0.000000,0.000000,14.800000,0.800,0.850,1.000,0.885,LOW,AUTO_VERIFIED,2,"{""page"":2,""x"":140,""y"":670,""w"":280,""h"":45}","Item 22: 280x180x70 Mailer ... Rs. 1,480 per 100 pcs",,
QUOTE-VEND-03-PKG-022,PKG-022,VEND-03,0,NOT QUOTED,,,INR,per_box,1.000000,,0.0000,0.000000,0.000000,,0.000,0.000,0.000,0.000,LOW,EXCLUDED,1,,NOT QUOTED,,
QUOTE-VEND-04-PKG-022,PKG-022,VEND-04,1,$0.1702 / box,0.1702,per box,USD,per_box,1.000000,14.296800,0.0000,0.000000,0.000000,14.296800,0.950,1.000,1.000,0.982,LOW,AUTO_VERIFIED,2,"{""page"":2,""x"":110,""y"":560,""w"":320,""h"":32}",PKG-022: Mailer M 280x180x70 - $0.1702 / unit,,
QUOTE-VEND-05-PKG-022,PKG-022,VEND-05,1,₹56.00 / kg,56.0000,per kg,INR,per_box,0.220000,12.320000,0.0400,0.000000,0.000000,12.812800,0.650,0.650,1.000,0.772,LOW,AUTO_VERIFIED,1,,"Email clause: ""Die-cut mailers @ Rs 56/kg base"" (+4% freight extra)",,
QUOTE-VEND-01-PKG-023,PKG-023,VEND-01,1,₹12.80 / box,12.8000,per box,INR,per_box,1.000000,12.800000,0.0000,0.017147,0.000000,12.817147,1.000,1.000,1.000,1.000,LOW,AUTO_VERIFIED,1,,"Tab ""Line Item Rates"", Cell C24: ₹12.80",,
QUOTE-VEND-02-PKG-023,PKG-023,VEND-02,1,"₹1,320 / 100 pcs",1320.0000,per 100 pcs,INR,per_box,0.010000,13.200000,0.0000,0.000000,0.000000,13.200000,0.800,0.850,1.000,0.885,LOW,AUTO_VERIFIED,2,"{""page"":2,""x"":140,""y"":720,""w"":280,""h"":45}","Item 23: 250x160x60 Mailer ... Rs. 1,320 per 100 pcs",,
QUOTE-VEND-03-PKG-023,PKG-023,VEND-03,0,NOT QUOTED,,,INR,per_box,1.000000,,0.0000,0.000000,0.000000,,0.000,0.000,0.000,0.000,LOW,EXCLUDED,1,,NOT QUOTED,,
QUOTE-VEND-04-PKG-023,PKG-023,VEND-04,1,$0.1524 / box,0.1524,per box,USD,per_box,1.000000,12.801600,0.0000,0.000000,0.000000,12.801600,0.950,1.000,1.000,0.982,LOW,AUTO_VERIFIED,2,"{""page"":2,""x"":110,""y"":600,""w"":320,""h"":32}",PKG-023: E-Comm Box 250x160x60 - $0.1524 / unit,,
QUOTE-VEND-05-PKG-023,PKG-023,VEND-05,1,₹56.00 / kg,56.0000,per kg,INR,per_box,0.190000,10.640000,0.0400,0.000000,0.000000,11.065600,0.650,0.650,0.600,0.633,LOW,AUTO_VERIFIED,1,,"Email clause: ""Die-cut mailers @ Rs 56/kg base"" (+4% freight extra)",,
QUOTE-VEND-01-PKG-024,PKG-024,VEND-01,1,₹12.30 / box,12.3000,per box,INR,per_box,1.000000,12.300000,0.0000,0.017147,0.000000,12.317147,1.000,1.000,1.000,1.000,LOW,AUTO_VERIFIED,1,,"Tab ""Line Item Rates"", Cell C25: ₹12.30",,
QUOTE-VEND-02-PKG-024,PKG-024,VEND-02,1,"₹1,270 / 100 pcs",1270.0000,per 100 pcs,INR,per_box,0.010000,12.700000,0.0000,0.000000,0.000000,12.700000,0.800,0.850,1.000,0.885,LOW,AUTO_VERIFIED,2,"{""page"":2,""x"":140,""y"":770,""w"":280,""h"":45}","Item 24: 240x150x55 Mailer ... Rs. 1,270 per 100 pcs",,
QUOTE-VEND-03-PKG-024,PKG-024,VEND-03,0,NOT QUOTED,,,INR,per_box,1.000000,,0.0000,0.000000,0.000000,,0.000,0.000,0.000,0.000,LOW,EXCLUDED,1,,NOT QUOTED,,
QUOTE-VEND-04-PKG-024,PKG-024,VEND-04,1,$0.1464 / box,0.1464,per box,USD,per_box,1.000000,12.297600,0.0000,0.000000,0.000000,12.297600,0.950,1.000,1.000,0.982,LOW,AUTO_VERIFIED,3,"{""page"":3,""x"":110,""y"":120,""w"":320,""h"":32}",PKG-024: Pres Mailer 240x150x55 - $0.1464 / unit,,
QUOTE-VEND-05-PKG-024,PKG-024,VEND-05,1,₹56.00 / kg,56.0000,per kg,INR,per_box,0.180000,10.080000,0.0400,0.000000,0.000000,10.483200,0.650,0.650,0.600,0.633,LOW,AUTO_VERIFIED,1,,"Email clause: ""Die-cut mailers @ Rs 56/kg base"" (+4% freight extra)",,
QUOTE-VEND-01-PKG-025,PKG-025,VEND-01,1,₹11.40 / box,11.4000,per box,INR,per_box,1.000000,11.400000,0.0000,0.017147,0.000000,11.417147,1.000,1.000,1.000,1.000,LOW,AUTO_VERIFIED,1,,"Tab ""Line Item Rates"", Cell C26: ₹11.40",,
QUOTE-VEND-02-PKG-025,PKG-025,VEND-02,1,"₹1,170 / 100 pcs",1170.0000,per 100 pcs,INR,per_box,0.010000,11.700000,0.0000,0.000000,0.000000,11.700000,0.800,0.850,1.000,0.885,LOW,AUTO_VERIFIED,2,"{""page"":2,""x"":140,""y"":820,""w"":280,""h"":45}","Item 25: 220x140x50 Mailer ... Rs. 1,170 per 100 pcs",,
QUOTE-VEND-03-PKG-025,PKG-025,VEND-03,0,NOT QUOTED,,,INR,per_box,1.000000,,0.0000,0.000000,0.000000,,0.000,0.000,0.000,0.000,LOW,EXCLUDED,1,,NOT QUOTED,,
QUOTE-VEND-04-PKG-025,PKG-025,VEND-04,1,$0.1345 / box,0.1345,per box,USD,per_box,1.000000,11.298000,0.0000,0.000000,0.000000,11.298000,0.950,1.000,1.000,0.982,LOW,AUTO_VERIFIED,3,"{""page"":3,""x"":110,""y"":160,""w"":320,""h"":32}",PKG-025: Courier Mailer 220x140x50 - $0.1345 / unit,,
QUOTE-VEND-05-PKG-025,PKG-025,VEND-05,1,₹56.00 / kg,56.0000,per kg,INR,per_box,0.160000,8.960000,0.0400,0.000000,0.000000,9.318400,0.650,0.650,0.600,0.633,LOW,AUTO_VERIFIED,1,,"Email clause: ""Die-cut mailers @ Rs 56/kg base"" (+4% freight extra)",,
QUOTE-VEND-01-PKG-026,PKG-026,VEND-01,1,₹10.30 / box,10.3000,per box,INR,per_box,1.000000,10.300000,0.0000,0.017147,0.000000,10.317147,1.000,1.000,1.000,1.000,LOW,AUTO_VERIFIED,1,,"Tab ""Line Item Rates"", Cell C27: ₹10.30",,
QUOTE-VEND-02-PKG-026,PKG-026,VEND-02,1,"₹1,070 / 100 pcs",1070.0000,per 100 pcs,INR,per_box,0.010000,10.700000,0.0000,0.000000,0.000000,10.700000,0.800,0.850,1.000,0.885,LOW,AUTO_VERIFIED,2,"{""page"":2,""x"":140,""y"":870,""w"":280,""h"":45}","Item 26: 200x150x50 Mailer ... Rs. 1,070 per 100 pcs",,
QUOTE-VEND-03-PKG-026,PKG-026,VEND-03,0,NOT QUOTED,,,INR,per_box,1.000000,,0.0000,0.000000,0.000000,,0.000,0.000,0.000,0.000,LOW,EXCLUDED,1,,NOT QUOTED,,
QUOTE-VEND-04-PKG-026,PKG-026,VEND-04,1,$0.1226 / box,0.1226,per box,USD,per_box,1.000000,10.298400,0.0000,0.000000,0.000000,10.298400,0.950,1.000,1.000,0.982,LOW,AUTO_VERIFIED,3,"{""page"":3,""x"":110,""y"":200,""w"":320,""h"":32}",PKG-026: Mini Postal Box 200x150x50 - $0.1226 / unit,,
QUOTE-VEND-05-PKG-026,PKG-026,VEND-05,1,₹56.00 / kg,56.0000,per kg,INR,per_box,0.150000,8.400000,0.0400,0.000000,0.000000,8.736000,0.650,0.650,0.600,0.633,LOW,AUTO_VERIFIED,1,,"Email clause: ""Die-cut mailers @ Rs 56/kg base"" (+4% freight extra)",,
QUOTE-VEND-01-PKG-027,PKG-027,VEND-01,1,₹13.40 / box,13.4000,per box,INR,per_box,1.000000,13.400000,0.0000,0.017147,0.000000,13.417147,1.000,1.000,1.000,1.000,LOW,AUTO_VERIFIED,1,,"Tab ""Line Item Rates"", Cell C28: ₹13.40",,
QUOTE-VEND-02-PKG-027,PKG-027,VEND-02,1,"₹1,380 / 100 pcs",1380.0000,per 100 pcs,INR,per_box,0.010000,13.800000,0.0000,0.000000,0.000000,13.800000,0.800,0.850,1.000,0.885,LOW,AUTO_VERIFIED,2,"{""page"":2,""x"":140,""y"":920,""w"":280,""h"":45}","Item 27: 260x170x65 Mailer ... Rs. 1,380 per 100 pcs",,
QUOTE-VEND-03-PKG-027,PKG-027,VEND-03,0,NOT QUOTED,,,INR,per_box,1.000000,,0.0000,0.000000,0.000000,,0.000,0.000,0.000,0.000,LOW,EXCLUDED,1,,NOT QUOTED,,
QUOTE-VEND-04-PKG-027,PKG-027,VEND-04,1,$0.1583 / box,0.1583,per box,USD,per_box,1.000000,13.297200,0.0000,0.000000,0.000000,13.297200,0.950,1.000,1.000,0.982,LOW,AUTO_VERIFIED,3,"{""page"":3,""x"":110,""y"":240,""w"":320,""h"":32}",PKG-027: Literature Mailer 260x170x65 - $0.1583 / unit,,
QUOTE-VEND-05-PKG-027,PKG-027,VEND-05,1,₹56.00 / kg,56.0000,per kg,INR,per_box,0.200000,11.200000,0.0400,0.000000,0.000000,11.648000,0.650,0.650,0.600,0.633,LOW,AUTO_VERIFIED,1,,"Email clause: ""Die-cut mailers @ Rs 56/kg base"" (+4% freight extra)",,
QUOTE-VEND-01-PKG-028,PKG-028,VEND-01,1,₹14.80 / box,14.8000,per box,INR,per_box,1.000000,14.800000,0.0000,0.017147,0.000000,14.817147,1.000,1.000,1.000,1.000,LOW,AUTO_VERIFIED,1,,"Tab ""Line Item Rates"", Cell C29: ₹14.80",,
QUOTE-VEND-02-PKG-028,PKG-028,VEND-02,1,"₹1,520 / 100 pcs",1520.0000,per 100 pcs,INR,per_box,0.010000,15.200000,0.0000,0.000000,0.000000,15.200000,0.800,0.850,1.000,0.885,LOW,AUTO_VERIFIED,3,"{""page"":3,""x"":140,""y"":110,""w"":280,""h"":45}","Item 28: Edge Protectors ... Rs. 1,520 per 100 pcs",,
QUOTE-VEND-03-PKG-028,PKG-028,VEND-03,1,₹14.50 / box,14.5000,per box,INR,per_box,1.000000,14.500000,0.0000,0.000000,0.000000,14.500000,0.900,1.000,1.000,0.965,LOW,AUTO_VERIFIED,1,,Line 28: Edge Protectors @ INR 14.50/pc,,
QUOTE-VEND-04-PKG-028,PKG-028,VEND-04,1,$0.1762 / box,0.1762,per box,USD,per_box,1.000000,14.800800,0.0000,0.000000,0.000000,14.800800,0.950,1.000,1.000,0.982,LOW,AUTO_VERIFIED,3,"{""page"":3,""x"":110,""y"":280,""w"":320,""h"":32}",PKG-028: Edge Protectors - $0.1762 / unit,,
QUOTE-VEND-05-PKG-028,PKG-028,VEND-05,1,₹14.50 / box,14.5000,per box,INR,per_box,1.000000,14.500000,0.0400,0.000000,0.000000,15.080000,0.650,1.000,1.000,0.877,LOW,AUTO_VERIFIED,1,,"Email clause: ""Heavy-Duty L-Edge Protectors (50x50x1000mm) @ Rs 14.5/pc"" (+4% freight extra)",,
QUOTE-VEND-01-PKG-029,PKG-029,VEND-01,1,₹84.00 / box,84.0000,per box,INR,per_box,1.000000,84.000000,0.0000,0.017147,0.000000,84.017147,1.000,1.000,1.000,1.000,LOW,AUTO_VERIFIED,1,,"Tab ""Line Item Rates"", Cell C30: ₹84.00",,
QUOTE-VEND-02-PKG-029,PKG-029,VEND-02,1,"₹8,600 / 100 pcs",8600.0000,per 100 pcs,INR,per_box,0.010000,86.000000,0.0000,0.000000,0.000000,86.000000,0.800,0.850,1.000,0.885,LOW,AUTO_VERIFIED,3,"{""page"":3,""x"":140,""y"":160,""w"":280,""h"":45}","Item 29: Honeycomb Buffer ... Rs. 8,600 per 100 pcs",,
QUOTE-VEND-03-PKG-029,PKG-029,VEND-03,1,₹83.00 / box,83.0000,per box,INR,per_box,1.000000,83.000000,0.0000,0.000000,0.000000,83.000000,0.900,1.000,1.000,0.965,LOW,AUTO_VERIFIED,1,,Line 29: Honeycomb Buffer @ INR 83.00/pc,,
QUOTE-VEND-04-PKG-029,PKG-029,VEND-04,1,$1.0000 / box,1.0000,per box,USD,per_box,1.000000,84.000000,0.0000,0.000000,0.000000,84.000000,0.950,1.000,1.000,0.982,LOW,AUTO_VERIFIED,3,"{""page"":3,""x"":110,""y"":320,""w"":320,""h"":32}",PKG-029: Honeycomb Buffer - $1.0000 / unit,,
QUOTE-VEND-05-PKG-029,PKG-029,VEND-05,1,₹82.00 / box,82.0000,per box,INR,per_box,1.000000,82.000000,0.0400,0.000000,0.000000,85.280000,0.650,1.000,1.000,0.877,LOW,AUTO_VERIFIED,1,,"Email clause: ""Corrugated Honeycomb Buffer Sheets (1200x1000mm) @ Rs 82/pc"" (+4% freight extra)",,
QUOTE-VEND-01-PKG-030,PKG-030,VEND-01,1,₹41.00 / box,41.0000,per box,INR,per_box,1.000000,41.000000,0.0000,0.017147,0.000000,41.017147,1.000,1.000,1.000,1.000,LOW,AUTO_VERIFIED,1,,"Tab ""Line Item Rates"", Cell C31: ₹41.00",,
QUOTE-VEND-02-PKG-030,PKG-030,VEND-02,1,"₹4,200 / 100 pcs",4200.0000,per 100 pcs,INR,per_box,0.010000,42.000000,0.0000,0.000000,0.000000,42.000000,0.800,0.850,1.000,0.885,LOW,AUTO_VERIFIED,3,"{""page"":3,""x"":140,""y"":210,""w"":280,""h"":45}","Item 30: Reinforced Tape ... Rs. 4,200 per 100 pcs",,
QUOTE-VEND-03-PKG-030,PKG-030,VEND-03,1,₹40.50 / box,40.5000,per box,INR,per_box,1.000000,40.500000,0.0000,0.000000,0.000000,40.500000,0.900,1.000,1.000,0.965,LOW,AUTO_VERIFIED,1,,Line 30: Kraft Tape @ INR 40.50/roll,,
QUOTE-VEND-04-PKG-030,PKG-030,VEND-04,1,$0.4881 / box,0.4881,per box,USD,per_box,1.000000,41.000400,0.0000,0.000000,0.000000,41.000400,0.950,1.000,1.000,0.982,LOW,AUTO_VERIFIED,3,"{""page"":3,""x"":110,""y"":360,""w"":320,""h"":32}",PKG-030: Reinforced Tape - $0.4881 / unit,,
QUOTE-VEND-05-PKG-030,PKG-030,VEND-05,1,₹39.50 / box,39.5000,per box,INR,per_box,1.000000,39.500000,0.0400,0.000000,0.000000,41.080000,0.650,1.000,1.000,0.877,LOW,AUTO_VERIFIED,1,,"Email clause: ""Self-Adhesive Reinforced Kraft Tape (72mm x 50m) @ Rs 39.5/pc"" (+4% freight extra)",,